id,url
1,https://vimeo.com/929820360
2,https://vimeo.com/910805163
3,https://vimeo.com/892192382
4,https://vimeo.com/890939239
5,https://vimeo.com/890731982
6,https://vimeo.com/875126221
7,https://vimeo.com/875122882
8,https://vimeo.com/874758450
9,https://vimeo.com/859701855
10,https://vimeo.com/837904919
11,https://vimeo.com/837658496
12,https://vimeo.com/836585740
13,https://vimeo.com/826158609
14,https://vimeo.com/822089815
15,https://open.spotify.com/episode/5NJL5skDDiHzkyIVAWMi1P?si=1d6658950b93427b
16,https://open.spotify.com/episode/7ka19EzgVe2PhvmQYh55bE?si=8781548c82b146e5
17,https://open.spotify.com/episode/1xwm87MltT3dMOjXK8fCD7?si=fd9c0bbdc7e14753
18,https://open.spotify.com/episode/6djRATdjrPqUpFvS1SXUEt?si=ffd3852b4b984013
19,https://vimeo.com/769676464
20,https://open.spotify.com/show/5P3uXhpfC8kSLVCRRkgGnj
21,https://vimeo.com/766879438
22,https://vimeo.com/715142990
23,https://vimeo.com/703795568
24,https://vimeo.com/706729968
25,https://vimeo.com/675837614
26,https://vimeo.com/673722066
27,https://vimeo.com/652884735
28,https://open.spotify.com/episode/3n1gVY2W7mGTVwb47DsS81?si=0h0AURWHRpWH1zBGsBACAg
29,https://open.spotify.com/episode/4FEY5i0HsQdY9OfQzVQBdN?si=Pxdvo5A_R9ygtyNsg3Ch4A
30,https://open.spotify.com/episode/1xwm87MltT3dMOjXK8fCD7?si=UYDgEUJNTXydgX44QIOXdg
31,https://open.spotify.com/episode/0HrXdGz5mDHE2DrtJLhVKh?si=AmrZ3tgpTJ-oVJzgKgNBdw
32,https://open.spotify.com/episode/2nKFKu3j8k9IrZSuefATOp?si=zIX1FBX1TQa3VQKLarsbDA
33,https://open.spotify.com/episode/2zPZPktysjOQFD3TIDxbSZ?si=0271bf0ddcb547f6
